path	git_blob	observed_notice	disposition
.gitignore	9f6925a4c2f455c9425139dbe5a509ecb96f7c03	no-explicit-notice-observed	exclude-upstream-project
LICENSE	d159169d1050894d3ea3b98e1c965c4058208fe1	GPL-2.0-license-text	exclude-upstream-project
README.md	470b35e6adbb3092f624109d76d2171b1ca4dd2a	no-explicit-notice-observed	exclude-upstream-project
ZXNext.qpf	e2a56a610ec6227af478eac6364adec0a6d076c9	copyright-no-explicit-license	exclude-upstream-project
ZXNext.qsf	1342234e0a9d07eefeb01d4179c9581cb3cdb7f1	no-explicit-notice-observed	exclude-upstream-project
ZXNext.sdc	771665ff1f198f4f503a012f4d502cdc347dc1d4	no-explicit-notice-observed	exclude-upstream-project
ZXNext.srf	5b0da0e737649bd145cb0c62a08383a111dd61a5	no-explicit-notice-observed	exclude-upstream-project
ZXNext.sv	60f8f62863acbbe3cf6dd5d8160dbc38802636e0	GPL-2.0-or-later	exclude-upstream-project
clean.bat	1e6a801a798af6c4e3a6ed33244a195e85f91237	no-explicit-notice-observed	exclude-upstream-project
files.qip	56c88b149cc43e925718df84bc5ccfacfc619290	no-explicit-notice-observed	exclude-upstream-project
releases/ZXNext_20210319.rbf	1ed4616498ea4448158693f24418e37c4cc6c94f	opaque-prebuilt	exclude-prebuilt
releases/ZXNext_20210331.rbf	f88850d3a3debaac68132ed97e9a41204dac899d	opaque-prebuilt	exclude-prebuilt
releases/ZXNext_20210404.rbf	db48ff74eed0ea3b6d428013bedf87f0c8fdfa8e	opaque-prebuilt	exclude-prebuilt
releases/ZXNext_20210407.rbf	77f76692b82cdf44820b28809b68166953e1e993	opaque-prebuilt	exclude-prebuilt
releases/ZXNext_20210409.rbf	9bd3af552f2ba9c9ffbf0a37207269a0edde5376	opaque-prebuilt	exclude-prebuilt
releases/ZXNext_20220216.rbf	de1bfe5b0a977935e84ad215bc486f4f5875bdd3	opaque-prebuilt	exclude-prebuilt
releases/ZXNext_20230122.rbf	44101e279af0e82d11179fdf5eacc4a434047483	opaque-prebuilt	exclude-prebuilt
releases/ZXNext_20230301.rbf	ee87cd5dfbae83f2315bfb76afac11b6f41c139b	opaque-prebuilt	exclude-prebuilt
releases/ZXNext_20241227.rbf	c802e8516415bcad0196f1bad95ba4f1c87c7dc6	opaque-prebuilt	exclude-prebuilt
releases/ZXNext_20260603.rbf	6d08a5776abb9a0ebbaf958c9be12ba01e6f44d5	opaque-prebuilt	exclude-prebuilt
releases/boot.zip	97723911370e3aa5e8c8bc052c3567da6d541bb3	opaque-prebuilt	exclude-prebuilt
rtl/audio/audio_mixer.vhd	e88b54ff9f6ac7c756a7d0b23613daa3ef3c5589	GPL-3.0-or-later	candidate-import-retain-notice
rtl/audio/dac.vhd	614050d43ffc7ec63510529ec41d2952ecc0e86e	no-explicit-notice-observed	exclude-unresolved-notice
rtl/audio/i2s.vhd	45a0983a8202f20a8a94e5625e97c4402a9af1e6	GPL-3.0-or-later	candidate-import-retain-notice
rtl/audio/i2s/i2s_master.vhd	d4b6c480f2ca99bf5efafb1c0670c4c3f6a360ab	GPL-3.0-or-later	candidate-import-retain-notice
rtl/audio/i2s/i2s_receive.vhd	6c4a92905274fb39293a1529bc16d230ca5f97bf	GPL-3.0-or-later	candidate-import-retain-notice
rtl/audio/i2s/i2s_slave.vhd	135191ec41ebb0a300e93ca2fa69cc302beedf97	GPL-3.0-or-later	candidate-import-retain-notice
rtl/audio/i2s/i2s_transmit.vhd	55bcc57bb3efa49f0d6f798d0eb2bc2591ff06d1	GPL-3.0-or-later	candidate-import-retain-notice
rtl/audio/pwm.vhd	7fcc15e204a56b6473d00f4ae3a3a296be16b9eb	GPL-3.0-or-later	candidate-import-retain-notice
rtl/audio/soundrive.vhd	8f523a92242d10b6b4d9bf6529d9947b558d1435	GPL-3.0-or-later	candidate-import-retain-notice
rtl/audio/turbosound.vhd	39471f90a9620e536d65ea2ed9e3ba2e9c66521e	GPL-3.0-or-later	candidate-import-retain-notice
rtl/audio/ym2149.vhd	a83c568cb9448144370ce851f14a4e6326311431	BSD-3-Clause-synthesized-form	candidate-import-retain-notice
rtl/cpu/t80n.vhd	0ccc8ddd5fc3f2bbea686e173af47e91b48a2331	BSD-3-Clause-synthesized-form	candidate-import-retain-notice
rtl/cpu/t80n_alu.vhd	082e503b0fe5e47f8b151639c0bafca8dade273b	BSD-3-Clause-synthesized-form	candidate-import-retain-notice
rtl/cpu/t80n_mcode.vhd	063e4bedb404277d316e156eda88543edb4c65e9	BSD-3-Clause-synthesized-form	candidate-import-retain-notice
rtl/cpu/t80n_pack.vhd	5ee292ec70d2ca9da20e578c8729bdf231684fd0	BSD-3-Clause-synthesized-form	candidate-import-retain-notice
rtl/cpu/t80na.vhd	996b03a7cadcb7154da2703466f83c622ae52fbc	BSD-3-Clause-synthesized-form	candidate-import-retain-notice
rtl/device/copper.vhd	70f3aaddc830f0f37a4de4e845c607a539eecdba	GPL-3.0-or-later	candidate-import-retain-notice
rtl/device/ctc.vhd	8060ba1129ef6f36a1a7cc43a547444a8df3eac2	GPL-3.0-or-later	candidate-import-retain-notice
rtl/device/ctc_chan.vhd	00d01bd9315bc1efbf9eee56898905fa0a1bb28c	GPL-3.0-or-later	candidate-import-retain-notice
rtl/device/divmmc.vhd	397343ae8369469d31393e8f4ee23e0374151e4d	GPL-3.0-or-later	candidate-import-retain-notice
rtl/device/dma.vhd	f616b7c172d83216833436c01c0f28b74a6f326c	GPL-3.0-or-later	candidate-import-retain-notice
rtl/device/im2_control.vhd	32a3de306316cc8142a06e163bd308797dcd80e6	GPL-3.0-or-later	candidate-import-retain-notice
rtl/device/im2_device.vhd	04342fde058c3d66ec260f0262bfa6a33c1b5aec	GPL-3.0-or-later	candidate-import-retain-notice
rtl/device/im2_peripheral.vhd	7e858ec0117ac615bec25328b2cb25be01cf0cd2	GPL-3.0-or-later	candidate-import-retain-notice
rtl/device/multiface.vhd	d5ff7812a367dff4cd51ee2570151d477eed0d2f	GPL-3.0-or-later	candidate-import-retain-notice
rtl/device/peripherals.vhd	7f91f17d8f332e2b3728d8ffb90495bf5cf9d88c	GPL-3.0-or-later	candidate-import-retain-notice
rtl/input/keyboard/keymaps.vhd	b6120c8e1033edfa675ad5fe5c8fae7e193e676c	GPL-3.0-or-later	candidate-import-retain-notice
rtl/input/keyboard/ps2_iobase.vhd	24d5e9104417a2f86fbbff68cb896808f6c29c49	GPL-3.0-or-later	candidate-import-retain-notice
rtl/input/keyboard/ps2_keyb.vhd	c7185f86e3acd631205d12566af73444a24e6fc5	GPL-3.0-or-later	candidate-import-retain-notice
rtl/input/md6_joystick_connector_x2.vhd	1ad3d98a7fd44d384c46ad8a9a56cafdff8c0bd6	GPL-3.0-or-later	candidate-import-retain-notice
rtl/input/membrane/emu_fnkeys.vhd	20ecf105549efd940c54a5f0d7d2dc803f9cc7f1	GPL-3.0-or-later	candidate-import-retain-notice
rtl/input/membrane/membrane.vhd	ff77eb1073146b17e8c4870e306bac913aa38dba	GPL-3.0-or-later	candidate-import-retain-notice
rtl/input/membrane/membrane_stick.vhd	04d4dbc688475baccb8143afe165485df2fac89b	GPL-3.0-or-later	candidate-import-retain-notice
rtl/input/ps2_mouse.v	7f86d6bc39afaf8a5fb61225ce5a4d5acbe7648c	GPL-3.0-or-later	candidate-import-retain-notice
rtl/misc/asymmetrical_debounce.vhd	2076344696e4621d83871ba0522770088ad6f3f7	GPL-3.0-or-later	candidate-import-retain-notice
rtl/misc/debounce.vhd	623b4e53881a6272e15b25de09573c441e253a62	GPL-3.0-or-later	candidate-import-retain-notice
rtl/misc/flashboot.vhd	b8bd96f7bd75f8a4fecde6eb03a7bb53c3b6fbc5	GPL-3.0-or-later	candidate-import-retain-notice
rtl/misc/flashboot_old.vhd	6ff848cf4824da63c8480ae4c7cfdda953232062	GPL-3.0-or-later	candidate-import-retain-notice
rtl/misc/relaxation.vhd	dbef4e41b3798262789e37038932e278f3662758	GPL-3.0-or-later	candidate-import-retain-notice
rtl/misc/synchronize.vhd	0b2f2a1b36d1843e6fe10ad866c39bbc5f28165e	GPL-3.0-or-later	candidate-import-retain-notice
rtl/mister/MiSTer.qip	2e59648e7ecc1584abae0d4e6c1ddc3c59813f89	no-explicit-notice-observed	exclude-mister-platform
rtl/mister/bram.vhd	f52e3eeb56345f17a60565ade86a116f69d4c515	no-explicit-notice-observed	exclude-mister-platform
rtl/mister/ddram.sv	93bc2c69fa0b4e770742fbe05507731aec639948	GPL-3.0-or-later	exclude-mister-platform
rtl/mister/keyjoy_sdpram_64_6.mif	99f8af8db23903c00f30a1706975a9f983859e15	no-explicit-notice-observed	exclude-mister-platform
rtl/mister/ps2_keyb.vhd	f296f5796ffb05e583fe2af5e1c80e603120a7d4	GPL-3.0-or-later	exclude-mister-platform
rtl/mister/rtc.sv	a1c17e5026d496ddd5a6113434c8c05e7ac0f4f2	GPL-2.0-or-later	exclude-mister-platform
rtl/mister/sdram.sv	67e44ae5c5bef74fa0eaa7443683483b86b14a26	GPL-2.0-or-later	exclude-mister-platform
rtl/mister/tzxplayer.vhd	b2fa00d78e0c7f801aa9f9541af2e20ea1fa2089	no-explicit-notice-observed	exclude-mister-platform
rtl/mister/zxnext_top.vhd	e21de5473638a09b3618a31ecfb6ac458dac70a2	GPL-3.0-or-later	exclude-mister-platform
rtl/pll.qip	ee13e21821e5ba23c8e7dfd824df5d2f2ea5c5a4	no-explicit-notice-observed	exclude-intel-pll
rtl/pll.v	fbed763a5d7a555de2abf86289191959a66acfa2	Intel-Altera-device-restricted	exclude-intel-pll
rtl/pll/pll_0002.qip	aec45eb73ea83ceab9b5ad1b7d71b5869c92036f	no-explicit-notice-observed	exclude-intel-pll
rtl/pll/pll_0002.v	25d8a485c2b5c3d77755f92b69d6853e3ead39c2	no-explicit-notice-observed	exclude-intel-pll
rtl/rom/bootrom.vhd	46c39fe8b4e4732d5a96c546f6ffc90c6773df4e	no-copyright-or-license-notice	exclude-user-supplied-rom
rtl/serial/fifop.vhd	7f3e5cced9689baf76ca58d583c9036bec25768c	GPL-3.0-or-later	candidate-import-retain-notice
rtl/serial/spi_master.vhd	6fa52609e7a688bb46eb49bcc5278c017b930381	BSD-3-Clause-synthesized-form	candidate-import-retain-notice
rtl/serial/uart.vhd	115fbec82889491cd443496eea23adb267345b7d	GPL-3.0-or-later	candidate-import-retain-notice
rtl/serial/uart_old.vhd	27cca983deae2060dd1d8bdef94107361b6f8cce	GPL-3.0-or-later	candidate-import-retain-notice
rtl/serial/uart_rx.vhd	f5d931ae52c7bf92113ae6f98d176b844fb3ae65	GPL-3.0-or-later	candidate-import-retain-notice
rtl/serial/uart_tx.vhd	a5e2177f7252052571c54fdd1ae14e262ee63975	GPL-3.0-or-later	candidate-import-retain-notice
rtl/video/layer2.vhd	1dfa7096669eff482200ba30f02328c2a8d1cf37	GPL-3.0-or-later	candidate-import-retain-notice
rtl/video/lores.vhd	17ba4cd46ae9a7ce43cbd32cb8387b9993cde5be	GPL-3.0-or-later	candidate-import-retain-notice
rtl/video/sprites.vhd	61962ec723327f138590d1c50f3003f2d37d7ad6	GPL-3.0-or-later	candidate-import-retain-notice
rtl/video/tilemap.vhd	987d57f9281dcc3fc011e08c5f4876e8ac06a987	GPL-3.0-or-later	candidate-import-retain-notice
rtl/video/zxula.vhd	af1d61ad617fe6ee576cf46ab3dfe0dbc2cd549b	GPL-3.0-or-later	candidate-import-retain-notice
rtl/video/zxula_timing.vhd	a0329facfa0175e50c708ac6749fc8c8f9bd6993	GPL-3.0-or-later	candidate-import-retain-notice
rtl/zxnext.vhd	615d1fc9b908ba0f7651ae2895db3fcbb4676fc0	GPL-3.0-or-later	candidate-import-retain-notice
sys/alsa.sv	90343893eac82574438c6dbdc0881d2a3d9048fa	GPL-2.0-or-later	exclude-mister-framework
sys/arcade_video.v	f41d0422958ad1ebf97f10934a05129c1bca9bb8	GPL-2.0-or-later	exclude-mister-framework
sys/ascal.vhd	a735e6b40db8b1e7b5ef2c7836a11d521a96eb7c	no-explicit-notice-observed	exclude-mister-framework
sys/audio_out.sv	309b92eefe97e4646ba39e9a1cc2f4792c716249	GPL-2.0-or-later	exclude-mister-framework
sys/build_id.tcl	b43b9d926855ff6b33ad8bab1880f243672c972e	no-explicit-notice-observed	exclude-mister-framework
sys/ddr_svc.sv	ed24d4e8e8b2c7c747df3ed124ff187c5c340e7d	GPL-3.0-or-later	exclude-mister-framework
sys/emu_ports.vh	ad59e00a3ff68fc3702f008e217ba091eb65d862	no-explicit-notice-observed	exclude-mister-framework
sys/f2sdram_safe_terminator.sv	3586365dda0828507bf8a51a9ad688ab53700024	copyright-no-explicit-license	exclude-mister-framework
sys/gamma_corr.sv	321b83f7e1a7e52d6997e59a67eeac8ae4c5d849	no-explicit-notice-observed	exclude-mister-framework
sys/hps_io.sv	1df2e0247aa57b3b8498df6c52ad1b91261f458a	GPL-3.0-or-later	exclude-mister-framework
sys/hq2x.sv	f5fcc712bea537a137f6152bc73afce1f423acb5	GPL-version-unspecified-reference	exclude-mister-framework
sys/i2c.v	6da6a144dcf8ac509cd892fc24c1392f6d9ceebc	no-explicit-notice-observed	exclude-mister-framework
sys/i2s.v	7d4517bac6625a9fa104a862e7327122ebf8c9b4	no-explicit-notice-observed	exclude-mister-framework
sys/iir_filter.v	b8bcf4f008e39a02d77bc9d37436405aa87dd9ea	GPL-2.0-or-later	exclude-mister-framework
sys/ltc2308.sv	4d3ccc1590057222ba6c461bf89443a31672952e	GPL-2.0-or-later	exclude-mister-framework
sys/math.sv	e7c0144b09463d42333530947b2607143ab8d8b9	no-explicit-notice-observed	exclude-mister-framework
sys/mcp23009.sv	82eaf37f140d4fc60c227d3913d0ff5fac5ea43e	no-explicit-notice-observed	exclude-mister-framework
sys/mt32pi.sv	67048074f68e84fcb7d1a1946494cc3f609fa52a	no-explicit-notice-observed	exclude-mister-framework
sys/osd.v	724ab95d879fb2993e26a704248f54429a1dae9f	no-explicit-notice-observed	exclude-mister-framework
sys/pll.13.qip	a6a1dcaac8744322564374b6f03f92a7c521d394	no-explicit-notice-observed	exclude-mister-framework
sys/pll_audio.13.qip	e9879310f3d6ba7cf34eccb4c49ab061cbfbf1ee	no-explicit-notice-observed	exclude-mister-framework
sys/pll_audio.qip	abb013b6b477818cc81bead119edaa3a2b77e310	no-explicit-notice-observed	exclude-mister-framework
sys/pll_audio.v	185a94c28ecbb3d054334c3e6ffab0fb69308352	Intel-Altera-device-restricted	exclude-mister-framework
sys/pll_audio/pll_audio_0002.qip	dadd4b80566d3caaeae55becbd990dc3ce65f8d7	no-explicit-notice-observed	exclude-mister-framework
sys/pll_audio/pll_audio_0002.v	789891438b29868b5bd7aca3d4ed6a662ff6c7f4	no-explicit-notice-observed	exclude-mister-framework
sys/pll_cfg.qip	0b560f9ddf57c738df6feecabb12d15c53a991c7	no-explicit-notice-observed	exclude-mister-framework
sys/pll_cfg/altera_pll_reconfig_core.v	a9e2b8c01788133d1588c5c1b160bf509b6c63b8	Intel-Altera-device-restricted	exclude-mister-framework
sys/pll_cfg/altera_pll_reconfig_top.v	843c9705bede6a3fb6fbe2ef9326a5241dd648d5	Intel-Altera-device-restricted	exclude-mister-framework
sys/pll_cfg/pll_cfg.v	0adc36f26727d8fbda1a080758ce2bc1f017e2fd	Intel-Altera-device-restricted	exclude-mister-framework
sys/pll_cfg/pll_cfg_hdmi.v	1912c2af7e44aa3fb813acabc0fd7dc00a2bb8e7	Intel-Altera-device-restricted	exclude-mister-framework
sys/pll_hdmi.13.qip	76def897abe8746151c912b68adee3174f1d04fc	no-explicit-notice-observed	exclude-mister-framework
sys/pll_hdmi.qip	be34aeb27eeab50edfa0f60d96941d6001d48bd2	no-explicit-notice-observed	exclude-mister-framework
sys/pll_hdmi.v	0cefd2546624c2ae252348963be192c39f7342ee	Intel-Altera-device-restricted	exclude-mister-framework
sys/pll_hdmi/pll_hdmi_0002.qip	3cb7073d8d9c972ae7f002d9017c0029efc202cd	no-explicit-notice-observed	exclude-mister-framework
sys/pll_hdmi/pll_hdmi_0002.v	9347c76021f035efafef82e1ca3381451dd0d4a6	no-explicit-notice-observed	exclude-mister-framework
sys/pll_hdmi_adj.vhd	67287cb3f521e7ab8f3945eb0be4978166146413	no-explicit-notice-observed	exclude-mister-framework
sys/pll_q13.qip	78e7e402c9e980735d4505b76de8e89549b86129	no-explicit-notice-observed	exclude-mister-framework
sys/pll_q17.qip	85cc84b0f4df4735f234c52dd3e799cde1bf3874	no-explicit-notice-observed	exclude-mister-framework
sys/scandoubler.v	81e7c3f4e62d7214186ccffa48856494e6a7005d	GPL-3.0-or-later	exclude-mister-framework
sys/scanlines.v	43f890f148d3a642f403f611792efe8f253b022d	no-explicit-notice-observed	exclude-mister-framework
sys/sd_card.sv	417d8d400d324452bae6e77c6852f2d1c6102c82	GPL-3.0-or-later	exclude-mister-framework
sys/shadowmask.sv	572679c2fcc4bd8193c760751f82fa9b872f2b9b	no-explicit-notice-observed	exclude-mister-framework
sys/sigma_delta_dac.v	d0d6be0877b42623605939845c343f9a4ee97fa9	no-explicit-notice-observed	exclude-mister-framework
sys/spdif.v	eee2b0817641c83bd46c5919150be54f98a4dd8c	copyright-no-explicit-license	exclude-mister-framework
sys/sys.qip	ef2330d91449f392428bfe4057ff0093fe6449a0	no-explicit-notice-observed	exclude-mister-framework
sys/sys.tcl	9f3de3e5a74b246f5a72136e4dcc15108d1eb541	no-explicit-notice-observed	exclude-mister-framework
sys/sys_analog.tcl	692043f8c9de847c7b68c2277579c207bded9d9a	no-explicit-notice-observed	exclude-mister-framework
sys/sys_dual_sdram.tcl	cf90eab8b045ed4deaa26a059cb51e19a5be0026	no-explicit-notice-observed	exclude-mister-framework
sys/sys_top.sdc	c2b4118caccb2fd4629a3ca81a8ec7b71f9ad64f	no-explicit-notice-observed	exclude-mister-framework
sys/sys_top.v	a4168795b68bed4b655b00cb7ced5cf5b4f32741	GPL-2.0-or-later	exclude-mister-framework
sys/sysmem.sv	8c17e868502c1768cff70f48aebe427ba88e0527	no-explicit-notice-observed	exclude-mister-framework
sys/vga_out.sv	41606354e37c98111138446aa13c7870244db89d	no-explicit-notice-observed	exclude-mister-framework
sys/video_cleaner.sv	4c057a834197df0bbf6dfda4ecf94efbaea9eb64	GPL-version-unspecified-reference	exclude-mister-framework
sys/video_freak.sv	65375cd278940c6d6560f6d777d3c0352ab106be	GPL-version-unspecified-reference	exclude-mister-framework
sys/video_freezer.sv	24d2c65139b72d13c3172eb9722f2a63f0f200d9	GPL-2.0-or-later	exclude-mister-framework
sys/video_mixer.sv	e53e1c06e53e3ff953b02398486b50202e8b8129	GPL-version-unspecified-reference	exclude-mister-framework
sys/yc_out.sv	984fc379afed7c038061be50ae95302e250fab18	GPL-2.0-or-later	exclude-mister-framework
